epoch,step,train_loss_step,train_acc_step,train_auc,train_f1,train_specificity,train_kappa,train_precision,train_acc_epoch,train_sensitivity,train_acc,train_loss_epoch,test_specificity,test_kappa,test_acc,test_precision,test_loss,test_f1,test_auc,test_sensitivity
0,9,0.7039278745651245,0.5,,,,,,,,,,,,,,,,,
0,19,0.6852774620056152,0.59375,,,,,,,,,,,,,,,,,
0,29,0.696038544178009,0.515625,,,,,,,,,,,,,,,,,
0,39,0.6928203105926514,0.5625,,,,,,,,,,,,,,,,,
0,49,0.7140015363693237,0.40625,,,,,,,,,,,,,,,,,
0,59,0.6946572661399841,0.53125,,,,,,,,,,,,,,,,,
0,67,,,0.5220757492573687,0.5176088971269694,0.5162337662313718,0.03432282003710574,0.5171296296296296,0.5171614289283752,0.5180890538033395,0.5171614289283752,0.6942237019538879,,,,,,,,
1,69,0.6956381797790527,0.515625,,,,,,,,,,,,,,,,,
1,79,0.6780765056610107,0.53125,,,,,,,,,,,,,,,,,
1,89,0.676423192024231,0.53125,,,,,,,,,,,,,,,,,
1,99,0.6848595142364502,0.53125,,,,,,,,,,,,,,,,,
1,109,0.6760798692703247,0.546875,,,,,,,,,,,,,,,,,
1,119,0.6733956336975098,0.5625,,,,,,,,,,,,,,,,,
1,129,0.6973129510879517,0.578125,,,,,,,,,,,,,,,,,
1,135,,,0.5746970528808588,0.5356798457087754,0.5913729127987414,0.10667903525046385,0.5577309236947792,0.5533395409584045,0.5153061224489796,0.5533395409584045,0.6847396492958069,,,,,,,,
2,139,0.66621333360672,0.671875,,,,,,,,,,,,,,,,,
2,149,0.64890056848526,0.671875,,,,,,,,,,,,,,,,,
2,159,0.6689349412918091,0.59375,,,,,,,,,,,,,,,,,
2,169,0.6324360966682434,0.734375,,,,,,,,,,,,,,,,,
2,179,0.6513423323631287,0.640625,,,,,,,,,,,,,,,,,
2,189,0.638655960559845,0.640625,,,,,,,,,,,,,,,,,
2,199,0.6160839200019836,0.65625,,,,,,,,,,,,,,,,,
2,203,,,0.6659496000289136,0.6012180267965895,0.6683673469356755,0.24072356215213353,0.6331452026680349,0.6203618049621582,0.5723562152133581,0.6203618049621582,0.6552326083183289,,,,,,,,
3,209,0.7087278366088867,0.53125,,,,,,,,,,,,,,,,,
3,219,0.6609930396080017,0.5625,,,,,,,,,,,,,,,,,
3,229,0.6140828132629395,0.671875,,,,,,,,,,,,,,,,,
3,239,0.5551458597183228,0.78125,,,,,,,,,,,,,,,,,
3,249,0.6386509537696838,0.609375,,,,,,,,,,,,,,,,,
3,259,0.6012328267097473,0.703125,,,,,,,,,,,,,,,,,
3,269,0.5905918478965759,0.703125,,,,,,,,,,,,,,,,,
3,271,,,0.720761580057896,0.6418466120625466,0.7309833024084834,0.33070500927643787,0.6903363587827015,0.6653525233268738,0.599721706864564,0.6653525233268738,0.6139554381370544,,,,,,,,
4,279,0.6482079029083252,0.65625,,,,,,,,,,,,,,,,,
4,289,0.5923460721969604,0.65625,,,,,,,,,,,,,,,,,
4,299,0.6147956848144531,0.640625,,,,,,,,,,,,,,,,,
4,309,0.5636297464370728,0.75,,,,,,,,,,,,,,,,,
4,319,0.6171747446060181,0.640625,,,,,,,,,,,,,,,,,
4,329,0.6392215490341187,0.65625,,,,,,,,,,,,,,,,,
4,339,0.4615512192249298,0.7916666865348816,,,,,,,,,,,,,,,,,
4,339,,,0.7507168156518804,0.6615077383924114,0.7564935064899978,0.3710575139146568,0.7162162162162162,0.6855287551879883,0.6145640074211502,0.6855287551879883,0.5891900658607483,,,,,,,,
5,349,0.669590175151825,0.59375,,,,,,,,,,,,,,,,,
5,359,0.5834447741508484,0.71875,,,,,,,,,,,,,,,,,
5,369,0.602813720703125,0.734375,,,,,,,,,,,,,,,,,
5,379,0.6113964915275574,0.6875,,,,,,,,,,,,,,,,,
5,389,0.5031375288963318,0.78125,,,,,,,,,,,,,,,,,
5,399,0.5875734686851501,0.71875,,,,,,,,,,,,,,,,,
5,407,,,0.7520265316448727,0.6744301288404361,0.7592764378443447,0.39053803339517623,0.7239361702127659,0.695268988609314,0.6312615955473099,0.695268988609314,0.5863783359527588,,,,,,,,
6,409,0.47787609696388245,0.828125,,,,,,,,,,,,,,,,,
6,419,0.6250013709068298,0.65625,,,,,,,,,,,,,,,,,
6,429,0.4752786457538605,0.75,,,,,,,,,,,,,,,,,
6,439,0.5927956104278564,0.734375,,,,,,,,,,,,,,,,,
6,449,0.587199866771698,0.703125,,,,,,,,,,,,,,,,,
6,459,0.5132112503051758,0.796875,,,,,,,,,,,,,,,,,
6,469,0.5298418402671814,0.71875,,,,,,,,,,,,,,,,,
6,475,,,0.7650673273188514,0.6813567714780886,0.7648423005530388,0.40306122448979587,0.7307488050982475,0.7015306353569031,0.6382189239332097,0.7015306353569031,0.5753776431083679,,,,,,,,
7,479,0.5677269697189331,0.6875,,,,,,,,,,,,,,,,,
7,489,0.5135052800178528,0.734375,,,,,,,,,,,,,,,,,
7,499,0.5822935700416565,0.671875,,,,,,,,,,,,,,,,,
7,509,0.5733922719955444,0.71875,,,,,,,,,,,,,,,,,
7,519,0.6513733863830566,0.65625,,,,,,,,,,,,,,,,,
7,529,0.5851756930351257,0.734375,,,,,,,,,,,,,,,,,
7,539,0.609399676322937,0.671875,,,,,,,,,,,,,,,,,
7,543,,,0.7713340860041098,0.6911149396997293,0.7666975881226035,0.4179035250463822,0.7362349239643419,0.7089517712593079,0.6512059369202227,0.7089517712593079,0.569652795791626,,,,,,,,
8,549,0.6260408759117126,0.6875,,,,,,,,,,,,,,,,,
8,559,0.6284996867179871,0.640625,,,,,,,,,,,,,,,,,
8,569,0.5400490760803223,0.703125,,,,,,,,,,,,,,,,,
8,579,0.47979986667633057,0.78125,,,,,,,,,,,,,,,,,
8,589,0.6405789852142334,0.640625,,,,,,,,,,,,,,,,,
8,599,0.6101524233818054,0.65625,,,,,,,,,,,,,,,,,
8,609,0.5183395147323608,0.734375,,,,,,,,,,,,,,,,,
8,611,,,0.7835892241868918,0.6948775055679287,0.7769016697552092,0.42810760667903525,0.7448275862068966,0.7140538096427917,0.6512059369202227,0.7140538096427917,0.5590659976005554,,,,,,,,
9,619,0.5801035165786743,0.71875,,,,,,,,,,,,,,,,,
9,629,0.5729723572731018,0.75,,,,,,,,,,,,,,,,,
9,639,0.5486109256744385,0.671875,,,,,,,,,,,,,,,,,
9,649,0.5468863844871521,0.71875,,,,,,,,,,,,,,,,,
9,659,0.61138516664505,0.734375,,,,,,,,,,,,,,,,,
9,669,0.5712608098983765,0.734375,,,,,,,,,,,,,,,,,
9,679,0.4179990291595459,0.875,,,,,,,,,,,,,,,,,
9,679,,,0.7956746242096097,0.7141807494489346,0.7824675324639032,0.45871985157699446,0.7566165023352361,0.7293599247932434,0.6762523191094619,0.7293599247932434,0.5477181077003479,,,,,,,,
10,689,0.6712275147438049,0.65625,,,,,,,,,,,,,,,,,
10,699,0.5349071621894836,0.75,,,,,,,,,,,,,,,,,
10,709,0.5842516422271729,0.734375,,,,,,,,,,,,,,,,,
10,719,0.6271533370018005,0.65625,,,,,,,,,,,,,,,,,
10,729,0.4535002112388611,0.828125,,,,,,,,,,,,,,,,,
10,739,0.5587064027786255,0.734375,,,,,,,,,,,,,,,,,
10,747,,,0.8057147762123908,0.7224390243902439,0.7852504638182503,0.4721706864564007,0.7618312757201646,0.7360853552818298,0.6869202226345084,0.7360853552818298,0.5380136966705322,,,,,,,,
11,749,0.38529759645462036,0.828125,,,,,,,,,,,,,,,,,
11,759,0.5411176681518555,0.734375,,,,,,,,,,,,,,,,,
11,769,0.4517058730125427,0.8125,,,,,,,,,,,,,,,,,
11,779,0.5331245064735413,0.734375,,,,,,,,,,,,,,,,,
11,789,0.5229049921035767,0.6875,,,,,,,,,,,,,,,,,
11,799,0.46044182777404785,0.78125,,,,,,,,,,,,,,,,,
11,809,0.45538920164108276,0.78125,,,,,,,,,,,,,,,,,
11,815,,,0.8163292197465931,0.7316602316602316,0.7810760667867297,0.4842300556586271,0.7625754527162978,0.7421150207519531,0.7031539888682746,0.7421150207519531,0.5258747339248657,,,,,,,,
12,819,0.5470935702323914,0.6875,,,,,,,,,,,,,,,,,
12,829,0.5045816898345947,0.71875,,,,,,,,,,,,,,,,,
12,839,0.5339917540550232,0.78125,,,,,,,,,,,,,,,,,
12,849,0.467230886220932,0.828125,,,,,,,,,,,,,,,,,
12,859,0.5437774062156677,0.703125,,,,,,,,,,,,,,,,,
12,869,0.4975542426109314,0.8125,,,,,,,,,,,,,,,,,
12,879,0.5433566570281982,0.734375,,,,,,,,,,,,,,,,,
12,883,,,0.8328797660065881,0.7535680304471931,0.7847866419258591,0.5194805194805194,0.7734375,0.7597402334213257,0.7346938775510204,0.7597402334213257,0.5064788460731506,,,,,,,,
13,889,0.5411396026611328,0.71875,,,,,,,,,,,,,,,,,
13,899,0.6194289922714233,0.671875,,,,,,,,,,,,,,,,,
13,909,0.5066481828689575,0.78125,,,,,,,,,,,,,,,,,
13,919,0.37535354495048523,0.84375,,,,,,,,,,,,,,,,,
13,929,0.561890184879303,0.703125,,,,,,,,,,,,,,,,,
13,939,0.5215145349502563,0.671875,,,,,,,,,,,,,,,,,
13,949,0.4384244680404663,0.828125,,,,,,,,,,,,,,,,,
13,951,,,0.8447980094382161,0.7652748289690965,0.7861781076030326,0.5384972170686456,0.7786845895343255,0.7692486047744751,0.7523191094619666,0.7692486047744751,0.49122384190559387,,,,,,,,
14,959,0.5273275971412659,0.765625,,,,,,,,,,,,,,,,,
14,969,0.49968093633651733,0.796875,,,,,,,,,,,,,,,,,
14,979,0.43697816133499146,0.765625,,,,,,,,,,,,,,,,,
14,989,0.42497801780700684,0.78125,,,,,,,,,,,,,,,,,
14,999,0.49632424116134644,0.78125,,,,,,,,,,,,,,,,,
14,1009,0.5414051413536072,0.78125,,,,,,,,,,,,,,,,,
14,1019,0.3059133291244507,0.8333333134651184,,,,,,,,,,,,,,,,,
14,1019,,,0.8483237872649482,0.7717492984097287,0.7820037105715121,0.5473098330241187,0.7783018867924528,0.7736549377441406,0.7653061224489796,0.7736549377441406,0.48541536927223206,,,,,,,,
15,1029,0.5579981207847595,0.765625,,,,,,,,,,,,,,,,,
15,1039,0.4596322774887085,0.78125,,,,,,,,,,,,,,,,,
15,1049,0.6059553027153015,0.75,,,,,,,,,,,,,,,,,
15,1059,0.5463297963142395,0.6875,,,,,,,,,,,,,,,,,
15,1069,0.4227278530597687,0.796875,,,,,,,,,,,,,,,,,
15,1079,0.5123302340507507,0.734375,,,,,,,,,,,,,,,,,
15,1087,,,0.8524342904643727,0.7705607476635514,0.7796846011095563,0.5445269016697588,0.7763653483992468,0.7722634673118591,0.7648423005565863,0.7722634673118591,0.4786618649959564,,,,,,,,
16,1089,0.4620140790939331,0.8125,,,,,,,,,,,,,,,,,
16,1099,0.47009703516960144,0.796875,,,,,,,,,,,,,,,,,
16,1109,0.4249161183834076,0.8125,,,,,,,,,,,,,,,,,
16,1119,0.46665310859680176,0.78125,,,,,,,,,,,,,,,,,
16,1129,0.3874534070491791,0.875,,,,,,,,,,,,,,,,,
16,1139,0.38386067748069763,0.84375,,,,,,,,,,,,,,,,,
16,1149,0.4290677011013031,0.859375,,,,,,,,,,,,,,,,,
16,1155,,,0.8603224895962771,0.7807835820895522,0.7875695732802062,0.5640074211502784,0.7851782363977486,0.7820037007331848,0.7764378478664193,0.7820037007331848,0.46647539734840393,,,,,,,,
17,1159,0.6130198240280151,0.75,,,,,,,,,,,,,,,,,
17,1169,0.46863099932670593,0.78125,,,,,,,,,,,,,,,,,
17,1179,0.5121760368347168,0.71875,,,,,,,,,,,,,,,,,
17,1189,0.4135732650756836,0.84375,,,,,,,,,,,,,,,,,
17,1199,0.4456707537174225,0.765625,,,,,,,,,,,,,,,,,
17,1209,0.47229820489883423,0.796875,,,,,,,,,,,,,,,,,
17,1219,0.4707183837890625,0.734375,,,,,,,,,,,,,,,,,
17,1223,,,0.8655422069316848,0.7847512784751278,0.7875695732802062,0.5705009276437848,0.7865796831314072,0.7852504849433899,0.7829313543599258,0.7852504849433899,0.45850229263305664,,,,,,,,
18,1229,0.5431142449378967,0.71875,,,,,,,,,,,,,,,,,
18,1239,0.5658325552940369,0.6875,,,,,,,,,,,,,,,,,
18,1249,0.5100757479667664,0.765625,,,,,,,,,,,,,,,,,
18,1259,0.3421821594238281,0.890625,,,,,,,,,,,,,,,,,
18,1269,0.5198172330856323,0.734375,,,,,,,,,,,,,,,,,
18,1279,0.49555283784866333,0.703125,,,,,,,,,,,,,,,,,
18,1289,0.4406774640083313,0.828125,,,,,,,,,,,,,,,,,
18,1291,,,0.8674306246364292,0.7877947295423023,0.7838589981410767,0.5742115027829313,0.7852534562211981,0.7871057391166687,0.7903525046382189,0.7871057391166687,0.4552903175354004,,,,,,,,
19,1299,0.46420297026634216,0.796875,,,,,,,,,,,,,,,,,
19,1309,0.4752998352050781,0.765625,,,,,,,,,,,,,,,,,
19,1319,0.42028385400772095,0.8125,,,,,,,,,,,,,,,,,
19,1329,0.39533287286758423,0.796875,,,,,,,,,,,,,,,,,
19,1339,0.4573141038417816,0.75,,,,,,,,,,,,,,,,,
19,1349,0.5225539207458496,0.828125,,,,,,,,,,,,,,,,,
19,1359,0.3337419927120209,0.875,,,,,,,,,,,,,,,,,
19,1359,,,0.871372035068033,0.7918499652697384,0.789888682742162,0.5830241187384044,0.7905686546463245,0.7915120720863342,0.7931354359925789,0.7915120720863342,0.4483972191810608,,,,,,,,
20,1369,0.5160126686096191,0.75,,,,,,,,,,,,,,,,,
20,1379,0.4539080560207367,0.78125,,,,,,,,,,,,,,,,,
20,1389,0.5270745158195496,0.765625,,,,,,,,,,,,,,,,,
20,1399,0.5243944525718689,0.703125,,,,,,,,,,,,,,,,,
20,1409,0.356777161359787,0.84375,,,,,,,,,,,,,,,,,
20,1419,0.4883817136287689,0.75,,,,,,,,,,,,,,,,,
20,1427,,,0.8783229095314969,0.7919182535996284,0.7935992578812914,0.5844155844155844,0.7930232558139535,0.7922077775001526,0.7908163265306123,0.7922077775001526,0.43767133355140686,,,,,,,,
21,1429,0.40688788890838623,0.78125,,,,,,,,,,,,,,,,,
21,1439,0.4364076852798462,0.828125,,,,,,,,,,,,,,,,,
21,1449,0.3935657739639282,0.828125,,,,,,,,,,,,,,,,,
21,1459,0.45617467164993286,0.8125,,,,,,,,,,,,,,,,,
21,1469,0.34188327193260193,0.890625,,,,,,,,,,,,,,,,,
21,1479,0.3655936121940613,0.859375,,,,,,,,,,,,,,,,,
21,1489,0.40842559933662415,0.796875,,,,,,,,,,,,,,,,,
21,1495,,,0.8869081322864785,0.8044434158759547,0.8019480519443324,0.6080705009276438,0.8027713625866051,0.8040352463722229,0.8061224489795918,0.8040352463722229,0.42283159494400024,,,,,,,,
22,1499,0.6059310436248779,0.75,,,,,,,,,,,,,,,,,
22,1509,0.43592777848243713,0.75,,,,,,,,,,,,,,,,,
22,1519,0.4697062075138092,0.8125,,,,,,,,,,,,,,,,,
22,1529,0.3842647075653076,0.859375,,,,,,,,,,,,,,,,,
22,1539,0.4410231411457062,0.78125,,,,,,,,,,,,,,,,,
22,1549,0.47304651141166687,0.828125,,,,,,,,,,,,,,,,,
22,1559,0.4627918303012848,0.765625,,,,,,,,,,,,,,,,,
22,1563,,,0.8871960847924935,0.8025889967637541,0.7987012986975942,0.6038961038961039,0.8,0.801948070526123,0.8051948051948052,0.801948070526123,0.422078400850296,,,,,,,,
23,1569,0.4740791916847229,0.734375,,,,,,,,,,,,,,,,,
23,1579,0.5364726781845093,0.71875,,,,,,,,,,,,,,,,,
23,1589,0.45036637783050537,0.8125,,,,,,,,,,,,,,,,,
23,1599,0.31648096442222595,0.890625,,,,,,,,,,,,,,,,,
23,1609,0.5191065669059753,0.734375,,,,,,,,,,,,,,,,,
23,1619,0.36559200286865234,0.8125,,,,,,,,,,,,,,,,,
23,1629,0.36079052090644836,0.859375,,,,,,,,,,,,,,,,,
23,1631,,,0.8930008501967156,0.8136060675706734,0.8028756957291148,0.6238404452690167,0.806378132118451,0.8119202256202698,0.8209647495361782,0.8119202256202698,0.41137027740478516,,,,,,,,
24,1639,0.42326635122299194,0.796875,,,,,,,,,,,,,,,,,
24,1649,0.4211309254169464,0.859375,,,,,,,,,,,,,,,,,
24,1659,0.41505733132362366,0.8125,,,,,,,,,,,,,,,,,
24,1669,0.3535228967666626,0.8125,,,,,,,,,,,,,,,,,
24,1679,0.3947523236274719,0.8125,,,,,,,,,,,,,,,,,
24,1689,0.4631556272506714,0.859375,,,,,,,,,,,,,,,,,
24,1699,0.3046281039714813,0.9166666865348816,,,,,,,,,,,,,,,,,
24,1699,,,0.898506046034538,0.8212805158912944,0.8130797773617204,0.6400742115027829,0.8156450137236962,0.8200371265411377,0.8269944341372912,0.8200371265411377,0.4023344814777374,,,,,,,,
25,1709,0.42068880796432495,0.765625,,,,,,,,,,,,,,,,,
25,1719,0.3991393446922302,0.796875,,,,,,,,,,,,,,,,,
25,1729,0.49655404686927795,0.765625,,,,,,,,,,,,,,,,,
25,1739,0.4682336747646332,0.796875,,,,,,,,,,,,,,,,,
25,1749,0.2837142050266266,0.90625,,,,,,,,,,,,,,,,,
25,1759,0.47841712832450867,0.78125,,,,,,,,,,,,,,,,,
25,1767,,,0.904052762106698,0.8223955943093162,0.8098330241149823,0.6410018552875696,0.8138056312443234,0.820500910282135,0.8311688311688312,0.820500910282135,0.3922479748725891,,,,,,,,
26,1769,0.35659825801849365,0.859375,,,,,,,,,,,,,,,,,
26,1779,0.36352184414863586,0.875,,,,,,,,,,,,,,,,,
26,1789,0.3722483813762665,0.8125,,,,,,,,,,,,,,,,,
26,1799,0.4783191382884979,0.765625,,,,,,,,,,,,,,,,,
26,1809,0.3662116229534149,0.859375,,,,,,,,,,,,,,,,,
26,1819,0.3075786232948303,0.875,,,,,,,,,,,,,,,,,
26,1829,0.3827826976776123,0.84375,,,,,,,,,,,,,,,,,
26,1835,,,0.9060487451853738,0.8245815180004586,0.8112244897921558,0.6451762523191095,0.8154195011337868,0.8225881457328796,0.8339517625231911,0.8225881457328796,0.38818004727363586,,,,,,,,
27,1839,0.5360798239707947,0.78125,,,,,,,,,,,,,,,,,
27,1849,0.422865629196167,0.8125,,,,,,,,,,,,,,,,,
27,1859,0.4389377236366272,0.765625,,,,,,,,,,,,,,,,,
27,1869,0.35156065225601196,0.875,,,,,,,,,,,,,,,,,
27,1879,0.36977189779281616,0.796875,,,,,,,,,,,,,,,,,
27,1889,0.3638937175273895,0.875,,,,,,,,,,,,,,,,,
27,1899,0.3728005290031433,0.8125,,,,,,,,,,,,,,,,,
27,1903,,,0.9111281972731748,0.8310249307479224,0.825602968456282,0.660482374768089,0.8272058823529411,0.8302412033081055,0.8348794063079777,0.8302412033081055,0.37881430983543396,,,,,,,,
28,1909,0.4904036521911621,0.734375,,,,,,,,,,,,,,,,,
28,1919,0.45990636944770813,0.78125,,,,,,,,,,,,,,,,,
28,1929,0.3998842239379883,0.8125,,,,,,,,,,,,,,,,,
28,1939,0.28502553701400757,0.90625,,,,,,,,,,,,,,,,,
28,1949,0.41830697655677795,0.78125,,,,,,,,,,,,,,,,,
28,1959,0.2864689528942108,0.859375,,,,,,,,,,,,,,,,,
28,1969,0.3686215281486511,0.828125,,,,,,,,,,,,,,,,,
28,1971,,,0.9151932003194261,0.8393592677345538,0.8237476808867173,0.6743970315398886,0.8283649503161699,0.8371984958648682,0.8506493506493507,0.8371984958648682,0.36985471844673157,,,,,,,,
29,1979,0.36762702465057373,0.84375,,,,,,,,,,,,,,,,,
29,1989,0.3551042973995209,0.828125,,,,,,,,,,,,,,,,,
29,1999,0.3171258568763733,0.875,,,,,,,,,,,,,,,,,
29,2009,0.3014526069164276,0.84375,,,,,,,,,,,,,,,,,
29,2019,0.35352739691734314,0.828125,,,,,,,,,,,,,,,,,
29,2029,0.42162609100341797,0.8125,,,,,,,,,,,,,,,,,
29,2039,0.28877323865890503,0.875,,,,,,,,,,,,,,,,,
29,2039,,,0.9212937705019603,0.8414774030740996,0.8288497217030202,0.6794990723562152,0.8325011348161597,0.8397495150566101,0.8506493506493507,0.8397495150566101,0.357971727848053,,,,,,,,
30,2049,0.3627597391605377,0.8125,,,,,,,,,,,,,,,,,
30,2059,0.37714046239852905,0.8125,,,,,,,,,,,,,,,,,
30,2069,0.38658398389816284,0.78125,,,,,,,,,,,,,,,,,
30,2079,0.43215683102607727,0.78125,,,,,,,,,,,,,,,,,
30,2089,0.2654045820236206,0.875,,,,,,,,,,,,,,,,,
30,2099,0.41731593012809753,0.828125,,,,,,,,,,,,,,,,,
30,2107,,,0.9247689926029443,0.8504224708837634,0.8325602968421496,0.6961966604823748,0.8376068376068376,0.8480983376502991,0.8636363636363636,0.8480983376502991,0.34963637590408325,,,,,,,,
31,2109,0.37186408042907715,0.828125,,,,,,,,,,,,,,,,,
31,2119,0.3471721112728119,0.859375,,,,,,,,,,,,,,,,,
31,2129,0.3153569996356964,0.84375,,,,,,,,,,,,,,,,,
31,2139,0.4278337061405182,0.828125,,,,,,,,,,,,,,,,,
31,2149,0.3215826451778412,0.859375,,,,,,,,,,,,,,,,,
31,2159,0.26165327429771423,0.9375,,,,,,,,,,,,,,,,,
31,2169,0.34425652027130127,0.875,,,,,,,,,,,,,,,,,
31,2175,,,0.9275250326138212,0.8517075406830162,0.8381261595508436,0.6999072356215214,0.8418667874943362,0.8499535918235779,0.8617810760667903,0.8499535918235779,0.3435756266117096,,,,,,,,
32,2179,0.3927287459373474,0.828125,,,,,,,,,,,,,,,,,
32,2189,0.36207863688468933,0.8125,,,,,,,,,,,,,,,,,
32,2199,0.3848728835582733,0.828125,,,,,,,,,,,,,,,,,
32,2209,0.28409555554389954,0.875,,,,,,,,,,,,,,,,,
32,2219,0.30117151141166687,0.828125,,,,,,,,,,,,,,,,,
32,2229,0.36642226576805115,0.890625,,,,,,,,,,,,,,,,,
32,2239,0.26451846957206726,0.890625,,,,,,,,,,,,,,,,,
32,2243,,,0.9357162434040911,0.8587155963302753,0.8460111317214934,0.7142857142857143,0.8493647912885662,0.8571428656578064,0.8682745825602969,0.8571428656578064,0.32642650604248047,,,,,,,,
33,2249,0.4076484441757202,0.78125,,,,,,,,,,,,,,,,,
33,2259,0.39605194330215454,0.8125,,,,,,,,,,,,,,,,,
33,2269,0.35750100016593933,0.828125,,,,,,,,,,,,,,,,,
33,2279,0.21475611627101898,0.9375,,,,,,,,,,,,,,,,,
33,2289,0.40433478355407715,0.828125,,,,,,,,,,,,,,,,,
33,2299,0.22836817800998688,0.890625,,,,,,,,,,,,,,,,,
33,2309,0.25946152210235596,0.921875,,,,,,,,,,,,,,,,,
33,2311,,,0.9376703835523077,0.8654329449394562,0.8483302411834494,0.7268089053803339,0.8527690229626295,0.8634044528007507,0.87847866419295,0.8634044528007507,0.32075923681259155,,,,,,,,
34,2319,0.33759185671806335,0.875,,,,,,,,,,,,,,,,,
34,2329,0.3043527901172638,0.890625,,,,,,,,,,,,,,,,,
34,2339,0.2988038957118988,0.828125,,,,,,,,,,,,,,,,,
34,2349,0.299206018447876,0.875,,,,,,,,,,,,,,,,,
34,2359,0.28639525175094604,0.890625,,,,,,,,,,,,,,,,,
34,2369,0.3461633622646332,0.890625,,,,,,,,,,,,,,,,,
34,2379,0.20231886208057404,0.9166666865348816,,,,,,,,,,,,,,,,,
34,2379,,,0.940888631974969,0.8665755919854281,0.8455473098291023,0.7282003710575139,0.8510733452593918,0.8641001582145691,0.8826530612244898,0.8641001582145691,0.3138675391674042,,,,,,,,
35,2389,0.28785622119903564,0.90625,,,,,,,,,,,,,,,,,
35,2399,0.3234768807888031,0.859375,,,,,,,,,,,,,,,,,
35,2409,0.366473525762558,0.84375,,,,,,,,,,,,,,,,,
35,2419,0.3579494059085846,0.859375,,,,,,,,,,,,,,,,,
35,2429,0.25262248516082764,0.90625,,,,,,,,,,,,,,,,,
35,2439,0.37275397777557373,0.828125,,,,,,,,,,,,,,,,,
35,2447,,,0.9441844350322353,0.8717015468607825,0.8497217068606229,0.738404452690167,0.8553571428571428,0.869202196598053,0.8886827458256029,0.869202196598053,0.3051988482475281,,,,,,,,
36,2449,0.30012500286102295,0.890625,,,,,,,,,,,,,,,,,
36,2459,0.3045591115951538,0.921875,,,,,,,,,,,,,,,,,
36,2469,0.3044261634349823,0.84375,,,,,,,,,,,,,,,,,
36,2479,0.3691750168800354,0.84375,,,,,,,,,,,,,,,,,
36,2489,0.2683180570602417,0.890625,,,,,,,,,,,,,,,,,
36,2499,0.25956156849861145,0.859375,,,,,,,,,,,,,,,,,
36,2509,0.2859034240245819,0.875,,,,,,,,,,,,,,,,,
36,2515,,,0.9488758988162646,0.8795787545787546,0.8650278293095315,0.7560296846011132,0.8684448462929476,0.878014862537384,0.8910018552875696,0.878014862537384,0.29400181770324707,,,,,,,,
37,2519,0.38008418679237366,0.8125,,,,,,,,,,,,,,,,,
37,2529,0.3477846384048462,0.859375,,,,,,,,,,,,,,,,,
37,2539,0.4056744873523712,0.78125,,,,,,,,,,,,,,,,,
37,2549,0.3084103465080261,0.90625,,,,,,,,,,,,,,,,,
37,2559,0.26632556319236755,0.859375,,,,,,,,,,,,,,,,,
37,2569,0.3175979256629944,0.890625,,,,,,,,,,,,,,,,,
37,2579,0.23980486392974854,0.90625,,,,,,,,,,,,,,,,,
37,2583,,,0.9480816360951534,0.8783165599268069,0.8627087198475756,0.7532467532467533,0.8664259927797834,0.8766233921051025,0.8905380333951762,0.8766233921051025,0.29576534032821655,,,,,,,,
38,2589,0.35819458961486816,0.828125,,,,,,,,,,,,,,,,,
38,2599,0.3416997790336609,0.828125,,,,,,,,,,,,,,,,,
38,2609,0.310862272977829,0.8125,,,,,,,,,,,,,,,,,
38,2619,0.2019362598657608,0.921875,,,,,,,,,,,,,,,,,
38,2629,0.33344703912734985,0.859375,,,,,,,,,,,,,,,,,
38,2639,0.24619874358177185,0.890625,,,,,,,,,,,,,,,,,
38,2649,0.27036890387535095,0.921875,,,,,,,,,,,,,,,,,
38,2651,,,0.9533828879840013,0.8861918937485688,0.871985157695399,0.7694805194805194,0.8751696065128901,0.8847402334213257,0.897495361781076,0.8847402334213257,0.2818000018596649,,,,,,,,
39,2659,0.31808096170425415,0.84375,,,,,,,,,,,,,,,,,
39,2669,0.2907445728778839,0.90625,,,,,,,,,,,,,,,,,
39,2679,0.31760120391845703,0.828125,,,,,,,,,,,,,,,,,
39,2689,0.19885887205600739,0.90625,,,,,,,,,,,,,,,,,
39,2699,0.24151265621185303,0.9375,,,,,,,,,,,,,,,,,
39,2709,0.30109187960624695,0.921875,,,,,,,,,,,,,,,,,
39,2719,0.18771690130233765,0.9166666865348816,,,,,,,,,,,,,,,,,
39,2719,,,0.9551028583131683,0.8900571428571429,0.8738404452649636,0.7769016697588126,0.8774222622803064,0.8884508609771729,0.9030612244897959,0.8884508609771729,0.27766990661621094,,,,,,,,
40,2729,0.2944152057170868,0.875,,,,,,,,,,,,,,,,,
40,2739,0.2715821862220764,0.890625,,,,,,,,,,,,,,,,,
40,2749,0.2840389311313629,0.890625,,,,,,,,,,,,,,,,,
40,2759,0.3012476861476898,0.875,,,,,,,,,,,,,,,,,
40,2769,0.19282959401607513,0.953125,,,,,,,,,,,,,,,,,
40,2779,0.31641432642936707,0.890625,,,,,,,,,,,,,,,,,
40,2787,,,0.9598774701312469,0.8989690721649485,0.8854359925747429,0.7954545454545454,0.8881846989588049,0.8977272510528564,0.9100185528756958,0.8977272510528564,0.263475239276886,,,,,,,,
41,2789,0.24520929157733917,0.890625,,,,,,,,,,,,,,,,,
41,2799,0.28662896156311035,0.890625,,,,,,,,,,,,,,,,,
41,2809,0.2848653197288513,0.875,,,,,,,,,,,,,,,,,
41,2819,0.28284701704978943,0.875,,,,,,,,,,,,,,,,,
41,2829,0.2528941333293915,0.921875,,,,,,,,,,,,,,,,,
41,2839,0.22914299368858337,0.9375,,,,,,,,,,,,,,,,,
41,2849,0.24313661456108093,0.890625,,,,,,,,,,,,,,,,,
41,2855,,,0.9617796562038545,0.9011389521640091,0.8812615955432224,0.7987012987012987,0.8854073410922113,0.899350643157959,0.9174397031539888,0.899350643157959,0.25785619020462036,,,,,,,,
42,2859,0.38162165880203247,0.8125,,,,,,,,,,,,,,,,,
42,2869,0.32911810278892517,0.875,,,,,,,,,,,,,,,,,
42,2879,0.3350982964038849,0.890625,,,,,,,,,,,,,,,,,
42,2889,0.2574562132358551,0.921875,,,,,,,,,,,,,,,,,
42,2899,0.20280751585960388,0.921875,,,,,,,,,,,,,,,,,
42,2909,0.2766701877117157,0.90625,,,,,,,,,,,,,,,,,
42,2919,0.19953443109989166,0.90625,,,,,,,,,,,,,,,,,
42,2923,,,0.9642947497771245,0.9008226691042047,0.8845083487899605,0.7987012987012987,0.8878378378378379,0.899350643157959,0.9141929499072357,0.899350643157959,0.25071802735328674,,,,,,,,
43,2929,0.3377787172794342,0.859375,,,,,,,,,,,,,,,,,
43,2939,0.29534733295440674,0.890625,,,,,,,,,,,,,,,,,
43,2949,0.2518464922904968,0.921875,,,,,,,,,,,,,,,,,
43,2959,0.24467270076274872,0.890625,,,,,,,,,,,,,,,,,
43,2969,0.2931905686855316,0.90625,,,,,,,,,,,,,,,,,
43,2979,0.21973204612731934,0.890625,,,,,,,,,,,,,,,,,
43,2989,0.21337488293647766,0.953125,,,,,,,,,,,,,,,,,
43,2991,,,0.9656565274110994,0.9077592126344701,0.8933209647453928,0.8130797773654916,0.8960686850429281,0.9065399169921875,0.9197588126159555,0.9065399169921875,0.24666358530521393,,,,,,,,
44,2999,0.284821480512619,0.890625,,,,,,,,,,,,,,,,,
44,3009,0.25149017572402954,0.90625,,,,,,,,,,,,,,,,,
44,3019,0.23865891993045807,0.90625,,,,,,,,,,,,,,,,,
44,3029,0.19238874316215515,0.921875,,,,,,,,,,,,,,,,,
44,3039,0.2441169023513794,0.9375,,,,,,,,,,,,,,,,,
44,3049,0.2598903477191925,0.90625,,,,,,,,,,,,,,,,,
44,3059,0.20809948444366455,0.9166666865348816,,,,,,,,,,,,,,,,,
44,3059,,,0.9677551278565062,0.9114155251141552,0.8942486085301752,0.8200371057513914,0.8974820143884892,0.9100185632705688,0.9257884972170687,0.9100185632705688,0.23906001448631287,,,,,,,,
45,3069,0.28057968616485596,0.90625,,,,,,,,,,,,,,,,,
45,3079,0.2428160309791565,0.84375,,,,,,,,,,,,,,,,,
45,3089,0.26058053970336914,0.890625,,,,,,,,,,,,,,,,,
45,3099,0.35129833221435547,0.796875,,,,,,,,,,,,,,,,,
45,3109,0.2055494487285614,0.921875,,,,,,,,,,,,,,,,,
45,3119,0.26017817854881287,0.875,,,,,,,,,,,,,,,,,
45,3127,,,0.9690763533445088,0.908924065152558,0.8970315398845221,0.8158627087198516,0.8992283250113482,0.9079313278198242,0.9188311688311688,0.9079313278198242,0.23639410734176636,,,,,,,,
46,3129,0.22163064777851105,0.875,,,,,,,,,,,,,,,,,
46,3139,0.24392060935497284,0.875,,,,,,,,,,,,,,,,,
46,3149,0.2473491132259369,0.9375,,,,,,,,,,,,,,,,,
46,3159,0.23883095383644104,0.921875,,,,,,,,,,,,,,,,,
46,3169,0.20868539810180664,0.921875,,,,,,,,,,,,,,,,,
46,3179,0.20899373292922974,0.9375,,,,,,,,,,,,,,,,,
46,3189,0.21822711825370789,0.90625,,,,,,,,,,,,,,,,,
46,3195,,,0.9722726584308878,0.9150148097516518,0.8956400742073487,0.8269944341372912,0.8992386923421406,0.9134972095489502,0.9313543599257885,0.9134972095489502,0.2250535637140274,,,,,,,,
47,3199,0.2973112463951111,0.859375,,,,,,,,,,,,,,,,,
47,3209,0.2456398755311966,0.90625,,,,,,,,,,,,,,,,,
47,3219,0.2784195840358734,0.921875,,,,,,,,,,,,,,,,,
47,3229,0.17752091586589813,0.9375,,,,,,,,,,,,,,,,,
47,3239,0.207889124751091,0.9375,,,,,,,,,,,,,,,,,
47,3249,0.2028905749320984,0.921875,,,,,,,,,,,,,,,,,
47,3259,0.20570647716522217,0.90625,,,,,,,,,,,,,,,,,
47,3263,,,0.9739194843057816,0.9186471663619744,0.9025974025932162,0.8348794063079777,0.9054054054054054,0.9174396991729736,0.9322820037105751,0.9174396991729736,0.22050130367279053,,,,,,,,
48,3269,0.31377795338630676,0.859375,,,,,,,,,,,,,,,,,
48,3279,0.2538185715675354,0.875,,,,,,,,,,,,,,,,,
48,3289,0.22145691514015198,0.90625,,,,,,,,,,,,,,,,,
48,3299,0.2060854732990265,0.921875,,,,,,,,,,,,,,,,,
48,3309,0.27041950821876526,0.90625,,,,,,,,,,,,,,,,,
48,3319,0.17279143631458282,0.9375,,,,,,,,,,,,,,,,,
48,3329,0.14756105840206146,0.9375,,,,,,,,,,,,,,,,,
48,3331,,,0.9737833065423841,0.9163055872291904,0.8979591836693045,0.8297773654916512,0.9013010318528488,0.9148886799812317,0.9318181818181818,0.9148886799812317,0.2200247347354889,,,,,,,,
49,3339,0.24613261222839355,0.90625,,,,,,,,,,,,,,,,,
49,3349,0.2280656397342682,0.953125,,,,,,,,,,,,,,,,,
49,3359,0.1831407994031906,0.953125,,,,,,,,,,,,,,,,,
49,3369,0.19524291157722473,0.9375,,,,,,,,,,,,,,,,,
49,3379,0.21527643501758575,0.921875,,,,,,,,,,,,,,,,,
49,3389,0.2064763754606247,0.921875,,,,,,,,,,,,,,,,,
49,3399,0.16041620075702667,0.9583333134651184,,,,,,,,,,,,,,,,,
49,3399,,,0.9764485613776629,0.9224806201550387,0.9039888682703897,0.8423005565862709,0.9071748878923767,0.921150267124176,0.9383116883116883,0.921150267124176,0.21091711521148682,,,,,,,,
50,3409,0.20509158074855804,0.90625,,,,,,,,,,,,,,,,,
50,3419,0.23447154462337494,0.859375,,,,,,,,,,,,,,,,,
50,3429,0.1805771440267563,0.9375,,,,,,,,,,,,,,,,,
50,3439,0.277218222618103,0.828125,,,,,,,,,,,,,,,,,
50,3449,0.1989418864250183,0.9375,,,,,,,,,,,,,,,,,
50,3459,0.2524699568748474,0.875,,,,,,,,,,,,,,,,,
50,3467,,,0.9746782504534957,0.9180778032036613,0.9035250463779986,0.8339517625231911,0.9060523938572719,0.9169758558273315,0.9304267161410018,0.9169758558273315,0.2165267914533615,,,,,,,,
51,3469,0.1617460995912552,0.921875,,,,,,,,,,,,,,,,,
51,3479,0.24554739892482758,0.890625,,,,,,,,,,,,,,,,,
51,3489,0.2571135461330414,0.90625,,,,,,,,,,,,,,,,,
51,3499,0.22210130095481873,0.921875,,,,,,,,,,,,,,,,,
51,3509,0.3556545674800873,0.828125,,,,,,,,,,,,,,,,,
51,3519,0.26351016759872437,0.90625,,,,,,,,,,,,,,,,,
51,3529,0.18752999603748322,0.90625,,,,,,,,,,,,,,,,,
51,3535,,,0.9672280575242408,0.9033738811108561,0.8919294990682193,0.8047309833024119,0.8941390277146751,0.902365505695343,0.9128014842300557,0.902365505695343,0.23994717001914978,,,,,,,,
52,3539,0.29575422406196594,0.828125,,,,,,,,,,,,,,,,,
52,3549,0.21983543038368225,0.921875,,,,,,,,,,,,,,,,,
52,3559,0.23264580965042114,0.90625,,,,,,,,,,,,,,,,,
52,3569,0.1889653503894806,0.9375,,,,,,,,,,,,,,,,,
52,3579,0.19370657205581665,0.921875,,,,,,,,,,,,,,,,,
52,3589,0.19977344572544098,0.953125,,,,,,,,,,,,,,,,,
52,3599,0.22476476430892944,0.90625,,,,,,,,,,,,,,,,,
52,3603,,,0.9760208814509105,0.9177706715395157,0.9012059369160427,0.8330241187384044,0.9041404140414041,0.9165120720863342,0.9318181818181818,0.9165120720863342,0.21382401883602142,,,,,,,,
53,3609,0.3264973759651184,0.859375,,,,,,,,,,,,,,,,,
53,3619,0.30440306663513184,0.890625,,,,,,,,,,,,,,,,,
53,3629,0.22897839546203613,0.90625,,,,,,,,,,,,,,,,,
53,3639,0.14439034461975098,0.953125,,,,,,,,,,,,,,,,,
53,3649,0.29627418518066406,0.921875,,,,,,,,,,,,,,,,,
53,3659,0.1911560297012329,0.9375,,,,,,,,,,,,,,,,,
53,3669,0.15571145713329315,0.96875,,,,,,,,,,,,,,,,,
53,3671,,,0.9730955335414652,0.9140374942844078,0.8984230055616956,0.8256029684601114,0.9012623985572588,0.9128015041351318,0.9271799628942486,0.9128015041351318,0.2207401692867279,,,,,,,,
54,3679,0.23673781752586365,0.90625,,,,,,,,,,,,,,,,,
54,3689,0.21976834535598755,0.90625,,,,,,,,,,,,,,,,,
54,3699,0.17606227099895477,0.96875,,,,,,,,,,,,,,,,,
54,3709,0.2162819504737854,0.921875,,,,,,,,,,,,,,,,,
54,3719,0.29525986313819885,0.859375,,,,,,,,,,,,,,,,,
54,3729,0.26067742705345154,0.921875,,,,,,,,,,,,,,,,,
54,3739,0.1523304581642151,0.9583333134651184,,,,,,,,,,,,,,,,,
54,3739,,,0.97639951156715,0.9227605118829981,0.9067717996247368,0.8432282003710575,0.9094594594594595,0.9216141104698181,0.936456400742115,0.9216141104698181,0.2103327363729477,,,,,,,,
55,3749,0.22707726061344147,0.953125,,,,,,,,,,,,,,,,,
55,3759,0.18702490627765656,0.921875,,,,,,,,,,,,,,,,,
55,3769,0.17241859436035156,0.9375,,,,,,,,,,,,,,,,,
55,3779,0.25648975372314453,0.875,,,,,,,,,,,,,,,,,
55,3789,0.11403876543045044,0.96875,,,,,,,,,,,,,,,,,
55,3799,0.27235525846481323,0.890625,,,,,,,,,,,,,,,,,
55,3807,,,0.9771840934046075,0.9241347696539078,0.9114100185486484,0.8464749536178108,0.9134571816946081,0.9232375025749207,0.935064935064935,0.9232375025749207,0.2064780443906784,,,,,,,,
56,3809,0.12333907186985016,0.96875,,,,,,,,,,,,,,,,,
56,3819,0.2210150957107544,0.921875,,,,,,,,,,,,,,,,,
56,3829,0.24743501842021942,0.9375,,,,,,,,,,,,,,,,,
56,3839,0.16278548538684845,0.9375,,,,,,,,,,,,,,,,,
56,3849,0.26456281542778015,0.9375,,,,,,,,,,,,,,,,,
56,3859,0.1657600849866867,0.953125,,,,,,,,,,,,,,,,,
56,3869,0.1947273313999176,0.90625,,,,,,,,,,,,,,,,,
56,3875,,,0.9807189067227499,0.9284571428571429,0.912801484225822,0.8548237476808905,0.9152771518702119,0.9274118542671204,0.9420222634508348,0.9274118542671204,0.19479961693286896,,,,,,,,
57,3879,0.2623510956764221,0.84375,,,,,,,,,,,,,,,,,
57,3889,0.22713050246238708,0.921875,,,,,,,,,,,,,,,,,
57,3899,0.23568449914455414,0.890625,,,,,,,,,,,,,,,,,
57,3909,0.15494711697101593,0.953125,,,,,,,,,,,,,,,,,
57,3919,0.2293897122144699,0.921875,,,,,,,,,,,,,,,,,
57,3929,0.27458566427230835,0.90625,,,,,,,,,,,,,,,,,
57,3939,0.17963872849941254,0.921875,,,,,,,,,,,,,,,,,
57,3943,,,0.9795881795119802,0.927007299270073,0.9090909090866925,0.8515769944341373,0.9120287253141831,0.9257885217666626,0.9424860853432282,0.9257885217666626,0.19729068875312805,,,,,,,,
58,3949,0.2882561683654785,0.859375,,,,,,,,,,,,,,,,,
58,3959,0.22735093533992767,0.953125,,,,,,,,,,,,,,,,,
58,3969,0.1942070871591568,0.953125,,,,,,,,,,,,,,,,,
58,3979,0.13561545312404633,0.96875,,,,,,,,,,,,,,,,,
58,3989,0.2588694989681244,0.875,,,,,,,,,,,,,,,,,
58,3999,0.17238247394561768,0.953125,,,,,,,,,,,,,,,,,
58,4009,0.18150633573532104,0.953125,,,,,,,,,,,,,,,,,
58,4011,,,0.9821951339145879,0.9341835572762469,0.9146567717953866,0.8659554730983302,0.9176733780760626,0.9329777359962463,0.9512987012987013,0.9329777359962463,0.18845908343791962,,,,,,,,
59,4019,0.20414775609970093,0.890625,,,,,,,,,,,,,,,,,
59,4029,0.17863616347312927,0.9375,,,,,,,,,,,,,,,,,
59,4039,0.15385110676288605,0.96875,,,,,,,,,,,,,,,,,
59,4049,0.21209992468357086,0.90625,,,,,,,,,,,,,,,,,
59,4059,0.2723843455314636,0.859375,,,,,,,,,,,,,,,,,
59,4069,0.2077627331018448,0.921875,,,,,,,,,,,,,,,,,
59,4079,0.09528235346078873,1.0,,,,,,,,,,,,,,,,,
59,4079,,,0.9826068941659982,0.9309952174903211,0.9114100185486484,0.8594619666048238,0.9145413870246085,0.929731011390686,0.948051948051948,0.929731011390686,0.1870419681072235,,,,,,,,
60,4089,0.19853205978870392,0.921875,,,,,,,,,,,,,,,,,
60,4099,0.1624412089586258,0.96875,,,,,,,,,,,,,,,,,
60,4109,0.16846033930778503,0.921875,,,,,,,,,,,,,,,,,
60,4119,0.2740045487880707,0.859375,,,,,,,,,,,,,,,,,
60,4129,0.11234661191701889,0.96875,,,,,,,,,,,,,,,,,
60,4139,0.1746416538953781,0.9375,,,,,,,,,,,,,,,,,
60,4147,,,0.9841508875434133,0.9355652373308874,0.9234693877508189,0.8696660482374768,0.9251700680272109,0.9348330497741699,0.9461966604823747,0.9348330497741699,0.18034882843494415,,,,,,,,
61,4149,0.1282239407300949,0.953125,,,,,,,,,,,,,,,,,
61,4159,0.23194798827171326,0.875,,,,,,,,,,,,,,,,,
61,4169,0.21004271507263184,0.921875,,,,,,,,,,,,,,,,,
61,4179,0.17403125762939453,0.9375,,,,,,,,,,,,,,,,,
61,4189,0.205595463514328,0.921875,,,,,,,,,,,,,,,,,
61,4199,0.14558230340480804,0.984375,,,,,,,,,,,,,,,,,
61,4209,0.1567426323890686,0.96875,,,,,,,,,,,,,,,,,
61,4215,,,0.9845736194629648,0.9357798165137615,0.92393320964321,0.8701298701298701,0.925589836660617,0.9350649118423462,0.9461966604823747,0.9350649118423462,0.178814098238945,,,,,,,,
62,4219,0.21587596833705902,0.875,,,,,,,,,,,,,,,,,
62,4229,0.2144227921962738,0.90625,,,,,,,,,,,,,,,,,
62,4239,0.207683265209198,0.90625,,,,,,,,,,,,,,,,,
62,4249,0.18173739314079285,0.9375,,,,,,,,,,,,,,,,,
62,4259,0.20336058735847473,0.90625,,,,,,,,,,,,,,,,,
62,4269,0.20027199387550354,0.953125,,,,,,,,,,,,,,,,,
62,4279,0.12438543140888214,0.953125,,,,,,,,,,,,,,,,,
62,4283,,,0.9842519989949091,0.9348273496455523,0.9197588126116895,0.8678107606679035,0.9219666215606676,0.9339053630828857,0.948051948051948,0.9339053630828857,0.17973943054676056,,,,,,,,
63,4289,0.2500596344470978,0.890625,,,,,,,,,,,,,,,,,
63,4299,0.22037041187286377,0.90625,,,,,,,,,,,,,,,,,
63,4309,0.17404597997665405,0.9375,,,,,,,,,,,,,,,,,
63,4319,0.13580232858657837,0.984375,,,,,,,,,,,,,,,,,
63,4329,0.26741698384284973,0.84375,,,,,,,,,,,,,,,,,
63,4339,0.16155588626861572,0.96875,,,,,,,,,,,,,,,,,
63,4349,0.12384609878063202,0.96875,,,,,,,,,,,,,,,,,
63,4351,,,0.9834310600610627,0.9302432308398347,0.9188311688269072,0.8589981447124304,0.9205267938237965,0.929499089717865,0.9401669758812616,0.929499089717865,0.1828717589378357,,,,,,,,
64,4359,0.18355154991149902,0.921875,,,,,,,,,,,,,,,,,
64,4369,0.2053672969341278,0.90625,,,,,,,,,,,,,,,,,
64,4379,0.16228249669075012,0.96875,,,,,,,,,,,,,,,,,
64,4389,0.23493734002113342,0.90625,,,,,,,,,,,,,,,,,
64,4399,0.1851838231086731,0.921875,,,,,,,,,,,,,,,,,
64,4409,0.16611126065254211,0.9375,,,,,,,,,,,,,,,,,
64,4419,0.1337725669145584,1.0,,,,,,,,,,,,,,,,,
64,4419,,,0.9844699264424945,0.9364241450539362,0.9253246753203835,0.8715213358070502,0.9268514311676511,0.9357606768608093,0.9461966604823747,0.9357606768608093,0.17872492969036102,,,,,,,,
65,4429,0.17036062479019165,0.953125,,,,,,,,,,,,,,,,,
65,4439,0.18623848259449005,0.90625,,,,,,,,,,,,,,,,,
65,4449,0.14188559353351593,0.953125,,,,,,,,,,,,,,,,,
65,4459,0.2780319154262543,0.84375,,,,,,,,,,,,,,,,,
65,4469,0.10721646994352341,0.984375,,,,,,,,,,,,,,,,,
65,4479,0.17414157092571259,0.9375,,,,,,,,,,,,,,,,,
65,4487,,,0.9857852358349309,0.9387474191328287,0.9271799628899482,0.8761595547309833,0.9287335451656832,0.9380797743797302,0.9489795918367347,0.9380797743797302,0.17287345230579376,,,,,,,,
66,4489,0.08091019093990326,1.0,,,,,,,,,,,,,,,,,
66,4499,0.2151663452386856,0.890625,,,,,,,,,,,,,,,,,
66,4509,0.18371205031871796,0.9375,,,,,,,,,,,,,,,,,
66,4519,0.18134792149066925,0.9375,,,,,,,,,,,,,,,,,
66,4529,0.144504576921463,0.9375,,,,,,,,,,,,,,,,,
66,4539,0.10833420604467392,1.0,,,,,,,,,,,,,,,,,
66,4549,0.15979598462581635,0.90625,,,,,,,,,,,,,,,,,
66,4555,,,0.9867279387720681,0.9379595588235294,0.9281076066747306,0.8747680890538033,0.9294171220400729,0.9373840689659119,0.9466604823747681,0.9373840689659119,0.16872471570968628,,,,,,,,
67,4559,0.24301189184188843,0.875,,,,,,,,,,,,,,,,,
67,4569,0.19838903844356537,0.921875,,,,,,,,,,,,,,,,,
67,4579,0.1868775337934494,0.90625,,,,,,,,,,,,,,,,,
67,4589,0.19653023779392242,0.9375,,,,,,,,,,,,,,,,,
67,4599,0.16623863577842712,0.953125,,,,,,,,,,,,,,,,,
67,4609,0.22121068835258484,0.875,,,,,,,,,,,,,,,,,
67,4619,0.12857452034950256,0.984375,,,,,,,,,,,,,,,,,
67,4623,,,0.9881043452968976,0.9395115270486191,0.9225417439660365,0.87708719851577,0.9249438202247191,0.9385436177253723,0.9545454545454546,0.9385436177253723,0.16450752317905426,,,,,,,,
68,4629,0.26038146018981934,0.859375,,,,,,,,,,,,,,,,,
68,4639,0.24126288294792175,0.921875,,,,,,,,,,,,,,,,,
68,4649,0.15951402485370636,0.921875,,,,,,,,,,,,,,,,,
68,4659,0.15387354791164398,0.953125,,,,,,,,,,,,,,,,,
68,4669,0.20488344132900238,0.890625,,,,,,,,,,,,,,,,,
68,4679,0.13497421145439148,0.921875,,,,,,,,,,,,,,,,,
68,4689,0.12394877523183823,0.96875,,,,,,,,,,,,,,,,,
68,4691,,,0.9884005803367054,0.9421978524103267,0.9262523191051658,0.8826530612244898,0.9284106258442143,0.9413265585899353,0.9564007421150278,0.9413265585899353,0.16110102832317352,,,,,,,,
69,4699,0.21344541013240814,0.90625,,,,,,,,,,,,,,,,,
69,4709,0.15204346179962158,0.96875,,,,,,,,,,,,,,,,,
69,4719,0.1281605064868927,0.984375,,,,,,,,,,,,,,,,,
69,4729,0.14446450769901276,0.9375,,,,,,,,,,,,,,,,,
69,4739,0.16427993774414062,0.921875,,,,,,,,,,,,,,,,,
69,4749,0.16153526306152344,0.90625,,,,,,,,,,,,,,,,,
69,4759,0.09370994567871094,1.0,,,,,,,,,,,,,,,,,
69,4759,,,0.9892174317863425,0.9410150891632373,0.9257884972127747,0.8803339517625232,0.9278629395852119,0.9401669502258301,0.9545454545454546,0.9401669502258301,0.1576819121837616,,,,,,,,
70,4769,0.1778901219367981,0.953125,,,,,,,,,,,,,,,,,
70,4779,0.16785676777362823,0.921875,,,,,,,,,,,,,,,,,
70,4789,0.1429932713508606,0.96875,,,,,,,,,,,,,,,,,
70,4799,0.19461147487163544,0.9375,,,,,,,,,,,,,,,,,
70,4809,0.0888059213757515,0.984375,,,,,,,,,,,,,,,,,
70,4819,0.17802247405052185,0.921875,,,,,,,,,,,,,,,,,
70,4827,,,0.9900033044082872,0.9440366972477064,0.932282003706251,0.8868274582560297,0.9337568058076225,0.9434137344360352,0.9545454545454546,0.9434137344360352,0.15325570106506348,,,,,,,,
71,4829,0.12521524727344513,0.96875,,,,,,,,,,,,,,,,,
71,4839,0.183527410030365,0.9375,,,,,,,,,,,,,,,,,
71,4849,0.16301411390304565,0.953125,,,,,,,,,,,,,,,,,
71,4859,0.15824377536773682,0.9375,,,,,,,,,,,,,,,,,
71,4869,0.11560816317796707,0.96875,,,,,,,,,,,,,,,,,
71,4879,0.11860183626413345,0.984375,,,,,,,,,,,,,,,,,
71,4889,0.13198283314704895,0.9375,,,,,,,,,,,,,,,,,
71,4895,,,0.9908358604025183,0.9523373052245646,0.9397031539845098,0.9035250463821892,0.9411231884057971,0.9517624974250793,0.963821892393321,0.9517624974250793,0.1486918032169342,,,,,,,,
72,4899,0.20075134932994843,0.9375,,,,,,,,,,,,,,,,,
72,4909,0.21411055326461792,0.921875,,,,,,,,,,,,,,,,,
72,4919,0.18377456068992615,0.90625,,,,,,,,,,,,,,,,,
72,4929,0.20893537998199463,0.921875,,,,,,,,,,,,,,,,,
72,4939,0.1374521404504776,0.96875,,,,,,,,,,,,,,,,,
72,4949,0.16259358823299408,0.953125,,,,,,,,,,,,,,,,,
72,4959,0.1376100331544876,0.9375,,,,,,,,,,,,,,,,,
72,4963,,,0.9898236702338212,0.9472718936267767,0.9350649350605981,0.8933209647495362,0.9365367180417045,0.9466604590415955,0.9582560296846011,0.9466604590415955,0.153297558426857,,,,,,,,
73,4969,0.1859232634305954,0.9375,,,,,,,,,,,,,,,,,
73,4979,0.22391803562641144,0.890625,,,,,,,,,,,,,,,,,
73,4989,0.17120514810085297,0.953125,,,,,,,,,,,,,,,,,
73,4999,0.13554008305072784,0.984375,,,,,,,,,,,,,,,,,
73,5009,0.19998657703399658,0.90625,,,,,,,,,,,,,,,,,
73,5019,0.15012328326702118,0.9375,,,,,,,,,,,,,,,,,
73,5029,0.12015639990568161,0.953125,,,,,,,,,,,,,,,,,
73,5031,,,0.9909350356772832,0.9505356735810349,0.932282003706251,0.8993506493506493,0.9345584939489019,0.9496753215789795,0.9670686456400742,0.9496753215789795,0.14851348102092743,,,,,,,,
74,5039,0.16072207689285278,0.9375,,,,,,,,,,,,,,,,,
74,5049,0.1434476226568222,0.9375,,,,,,,,,,,,,,,,,
74,5059,0.12823069095611572,0.953125,,,,,,,,,,,,,,,,,
74,5069,0.11214759945869446,0.96875,,,,,,,,,,,,,,,,,
74,5079,0.16187497973442078,0.953125,,,,,,,,,,,,,,,,,
74,5089,0.1798710823059082,0.953125,,,,,,,,,,,,,,,,,
74,5099,0.07993250340223312,1.0,,,,,,,,,,,,,,,,,
74,5099,,,0.9909169646944627,0.9490518620059402,0.9332096474910334,0.8965677179962894,0.935164340387213,0.948283851146698,0.9633580705009277,0.948283851146698,0.14930203557014465,,,,,,,,
75,5109,0.18769091367721558,0.9375,,,,,,,,,,,,,,,,,
75,5119,0.15316902101039886,0.9375,,,,,,,,,,,,,,,,,
75,5129,0.11923979222774506,0.984375,,,,,,,,,,,,,,,,,
75,5139,0.18723657727241516,0.921875,,,,,,,,,,,,,,,,,
75,5149,0.08991916477680206,0.984375,,,,,,,,,,,,,,,,,
75,5159,0.17112921178340912,0.90625,,,,,,,,,,,,,,,,,
75,5167,,,0.9917665160177749,0.950789654383154,0.9369202226301627,0.900278293135436,0.938544961590601,0.9501391649246216,0.9633580705009277,0.9501391649246216,0.14410284161567688,,,,,,,,
76,5169,0.10998795181512833,0.984375,,,,,,,,,,,,,,,,,
76,5179,0.20494875311851501,0.9375,,,,,,,,,,,,,,,,,
76,5189,0.16568948328495026,0.953125,,,,,,,,,,,,,,,,,
76,5199,0.1691196709871292,0.9375,,,,,,,,,,,,,,,,,
76,5209,0.11968517303466797,0.96875,,,,,,,,,,,,,,,,,
76,5219,0.11775433272123337,0.984375,,,,,,,,,,,,,,,,,
76,5229,0.13376352190971375,0.953125,,,,,,,,,,,,,,,,,
76,5235,,,0.9914053114921124,0.9529492770254763,0.9420222634464657,0.9049165120593692,0.943207632894139,0.9524582624435425,0.9628942486085343,0.9524582624435425,0.14513374865055084,,,,,,,,
77,5239,0.20848636329174042,0.90625,,,,,,,,,,,,,,,,,
77,5249,0.15180586278438568,0.953125,,,,,,,,,,,,,,,,,
77,5259,0.20549112558364868,0.90625,,,,,,,,,,,,,,,,,
77,5269,0.14170631766319275,0.96875,,,,,,,,,,,,,,,,,
77,5279,0.12864454090595245,0.984375,,,,,,,,,,,,,,,,,
77,5289,0.17821012437343597,0.953125,,,,,,,,,,,,,,,,,
77,5299,0.13255856931209564,0.9375,,,,,,,,,,,,,,,,,
77,5303,,,0.9918770932221769,0.9517934658441856,0.9359925788453805,0.9021335807050093,0.9378658262044124,0.951066792011261,0.9661410018552876,0.951066792011261,0.14375795423984528,,,,,,,,
78,5309,0.20713959634304047,0.890625,,,,,,,,,,,,,,,,,
78,5319,0.20596961677074432,0.9375,,,,,,,,,,,,,,,,,
78,5329,0.14346778392791748,0.953125,,,,,,,,,,,,,,,,,
78,5339,0.13358420133590698,0.96875,,,,,,,,,,,,,,,,,
78,5349,0.20775151252746582,0.921875,,,,,,,,,,,,,,,,,
78,5359,0.13995181024074554,0.953125,,,,,,,,,,,,,,,,,
78,5369,0.13359206914901733,0.953125,,,,,,,,,,,,,,,,,
78,5371,,,0.9915417043862578,0.9535575383207504,0.9392393320921186,0.9058441558441559,0.9408577878103838,0.9529221057891846,0.9666048237476809,0.9529221057891846,0.14291909337043762,,,,,,,,
79,5379,0.18167710304260254,0.9375,,,,,,,,,,,,,,,,,
79,5389,0.12232960760593414,0.96875,,,,,,,,,,,,,,,,,
79,5399,0.14485035836696625,0.96875,,,,,,,,,,,,,,,,,
79,5409,0.12390515208244324,0.96875,,,,,,,,,,,,,,,,,
79,5419,0.1837843954563141,0.90625,,,,,,,,,,,,,,,,,
79,5429,0.15942412614822388,0.953125,,,,,,,,,,,,,,,,,
79,5439,0.10482857376337051,1.0,,,,,,,,,,,,,,,,,
79,5439,,,0.9918925826360229,0.9517051956969558,0.9378478664149451,0.9021335807050093,0.9394487121554451,0.951066792011261,0.9642857142857143,0.951066792011261,0.14378003776073456,,,,,,,,
80,5449,0.166935995221138,0.953125,,,,,,,,,,,,,,,,,
80,5459,0.12404125928878784,0.96875,,,,,,,,,,,,,,,,,
80,5469,0.1529521644115448,0.9375,,,,,,,,,,,,,,,,,
80,5479,0.16807620227336884,0.921875,,,,,,,,,,,,,,,,,
80,5489,0.08168084919452667,0.984375,,,,,,,,,,,,,,,,,
80,5499,0.1431884616613388,0.953125,,,,,,,,,,,,,,,,,
80,5507,,,0.9915877423663005,0.9522503998172264,0.9364564007377716,0.903061224489796,0.9383160738406123,0.9515306353569031,0.9666048237476809,0.9515306353569031,0.14445851743221283,,,,,,,,
81,5509,0.09330414235591888,0.984375,,,,,,,,,,,,,,,,,
81,5519,0.1843561828136444,0.90625,,,,,,,,,,,,,,,,,
81,5529,0.18743690848350525,0.9375,,,,,,,,,,,,,,,,,
81,5539,0.12009578198194504,0.984375,,,,,,,,,,,,,,,,,
81,5549,0.12699779868125916,0.96875,,,,,,,,,,,,,,,,,
81,5559,0.11978785693645477,0.96875,,,,,,,,,,,,,,,,,
81,5569,0.13294196128845215,0.953125,,,,,,,,,,,,,,,,,
81,5575,,,0.9924045938159375,0.9555657352267521,0.9424860853388568,0.9100185528756958,0.9438914027149321,0.9550092816352844,0.9675324675324676,0.9550092816352844,0.14065958559513092,,,,,,,,
82,5579,0.21522536873817444,0.9375,,,,,,,,,,,,,,,,,
82,5589,0.15211747586727142,0.953125,,,,,,,,,,,,,,,,,
82,5599,0.1886727213859558,0.90625,,,,,,,,,,,,,,,,,
82,5609,0.13806192576885223,0.96875,,,,,,,,,,,,,,,,,
82,5619,0.13277900218963623,0.984375,,,,,,,,,,,,,,,,,
82,5629,0.1358967125415802,0.9375,,,,,,,,,,,,,,,,,
82,5639,0.11357857286930084,0.96875,,,,,,,,,,,,,,,,,
82,5643,,,0.9924669817328179,0.9536697247706422,0.9420222634464657,0.9063079777365491,0.9432849364791288,0.9531539678573608,0.9642857142857143,0.9531539678573608,0.1396307647228241,,,,,,,,
83,5649,0.20358416438102722,0.890625,,,,,,,,,,,,,,,,,
83,5659,0.2270311564207077,0.921875,,,,,,,,,,,,,,,,,
83,5669,0.14322660863399506,0.953125,,,,,,,,,,,,,,,,,
83,5679,0.11387626826763153,0.984375,,,,,,,,,,,,,,,,,
83,5689,0.20663821697235107,0.890625,,,,,,,,,,,,,,,,,
83,5699,0.11701278388500214,0.953125,,,,,,,,,,,,,,,,,
83,5709,0.12453645467758179,0.96875,,,,,,,,,,,,,,,,,
83,5711,,,0.9928608861321556,0.9545454545454546,0.9438775510160303,0.9081632653061225,0.945,0.954081654548645,0.9642857142857143,0.954081654548645,0.1381290704011917,,,,,,,,
84,5719,0.17357121407985687,0.953125,,,,,,,,,,,,,,,,,
84,5729,0.11867500841617584,0.953125,,,,,,,,,,,,,,,,,
84,5739,0.13262245059013367,0.9375,,,,,,,,,,,,,,,,,
84,5749,0.11698548495769501,1.0,,,,,,,,,,,,,,,,,
84,5759,0.14905059337615967,0.953125,,,,,,,,,,,,,,,,,
84,5769,0.17035287618637085,0.921875,,,,,,,,,,,,,,,,,
84,5779,0.0765182301402092,1.0,,,,,,,,,,,,,,,,,
84,5779,,,0.9927303017682026,0.9548475819390327,0.9424860853388568,0.9086270871985158,0.9438151336656094,0.9543135166168213,0.9661410018552876,0.9543135166168213,0.13931238651275635,,,,,,,,
85,5789,0.1355741024017334,0.96875,,,,,,,,,,,,,,,,,
85,5799,0.1374063640832901,0.9375,,,,,,,,,,,,,,,,,
85,5809,0.17502805590629578,0.921875,,,,,,,,,,,,,,,,,
85,5819,0.16429901123046875,0.96875,,,,,,,,,,,,,,,,,
85,5829,0.07042450457811356,1.0,,,,,,,,,,,,,,,,,
85,5839,0.15606917440891266,0.9375,,,,,,,,,,,,,,,,,
85,5847,,,0.9921105100836084,0.9522058823529411,0.9424860853388568,0.9035250463821892,0.9435336976320583,0.9517624974250793,0.961038961038961,0.9517624974250793,0.14073272049427032,,,,,,,,
86,5849,0.13210536539554596,0.953125,,,,,,,,,,,,,,,,,
86,5859,0.1767749935388565,0.90625,,,,,,,,,,,,,,,,,
86,5869,0.21102340519428253,0.9375,,,,,,,,,,,,,,,,,
86,5879,0.11676671355962753,0.9375,,,,,,,,,,,,,,,,,
86,5889,0.1732443869113922,0.9375,,,,,,,,,,,,,,,,,
86,5899,0.10844157636165619,0.984375,,,,,,,,,,,,,,,,,
86,5909,0.1082429587841034,0.96875,,,,,,,,,,,,,,,,,
86,5915,,,0.9912506324843986,0.950517836593786,0.9424860853388568,0.900278293135436,0.9433531292827775,0.9501391649246216,0.9577922077922078,0.9501391649246216,0.14509309828281403,,,,,,,,
87,5919,0.19647952914237976,0.921875,,,,,,,,,,,,,,,,,
87,5929,0.15564066171646118,0.953125,,,,,,,,,,,,,,,,,
87,5939,0.16955792903900146,0.921875,,,,,,,,,,,,,,,,,
87,5949,0.11487103998661041,0.984375,,,,,,,,,,,,,,,,,
87,5959,0.14674697816371918,0.9375,,,,,,,,,,,,,,,,,
87,5969,0.1680915206670761,0.921875,,,,,,,,,,,,,,,,,
87,5979,0.11631447821855545,0.953125,,,,,,,,,,,,,,,,,
87,5983,,,0.9912291194096123,0.9486002753556677,0.937384044522554,0.8961038961038961,0.9386920980926431,0.948051929473877,0.9587198515769945,0.948051929473877,0.14435580372810364,,,,,,,,
88,5989,0.2040221393108368,0.9375,,,,,,,,,,,,,,,,,
88,5999,0.20200738310813904,0.921875,,,,,,,,,,,,,,,,,
88,6009,0.14266914129257202,0.96875,,,,,,,,,,,,,,,,,
88,6019,0.11771546304225922,1.0,,,,,,,,,,,,,,,,,
88,6029,0.16875042021274567,0.921875,,,,,,,,,,,,,,,,,
88,6039,0.15414214134216309,0.953125,,,,,,,,,,,,,,,,,
88,6049,0.12917281687259674,0.953125,,,,,,,,,,,,,,,,,
88,6051,,,0.9928324888734378,0.956681182672473,0.9443413729084215,0.9123376623376623,0.9456275487086543,0.9561688303947449,0.9679962894248608,0.9561688303947449,0.13827228546142578,,,,,,,,
89,6059,0.16079261898994446,0.9375,,,,,,,,,,,,,,,,,
89,6069,0.134463369846344,0.96875,,,,,,,,,,,,,,,,,
89,6079,0.12213458120822906,0.96875,,,,,,,,,,,,,,,,,
89,6089,0.11895596235990524,0.96875,,,,,,,,,,,,,,,,,
89,6099,0.13472692668437958,0.9375,,,,,,,,,,,,,,,,,
89,6109,0.14760711789131165,0.953125,,,,,,,,,,,,,,,,,
89,6119,0.0789191946387291,1.0,,,,,,,,,,,,,,,,,
89,6119,,,0.9936078200887372,0.9599267231509045,0.9466604823703774,0.9188311688311688,0.9479873360470376,0.9594155550003052,0.9721706864564007,0.9594155550003052,0.1336556375026703,,,,,,,,
90,6129,0.15202569961547852,0.984375,,,,,,,,,,,,,,,,,
90,6139,0.16500280797481537,0.9375,,,,,,,,,,,,,,,,,
90,6149,0.15002959966659546,0.953125,,,,,,,,,,,,,,,,,
90,6159,0.1437319964170456,0.953125,,,,,,,,,,,,,,,,,
90,6169,0.08875109255313873,0.984375,,,,,,,,,,,,,,,,,
90,6179,0.1807917207479477,0.90625,,,,,,,,,,,,,,,,,
90,6187,,,0.9927426717862047,0.9544100801832761,0.9415584415540744,0.9076994434137291,0.942960615663196,0.953849732875824,0.9661410018552876,0.953849732875824,0.1373039036989212,,,,,,,,
91,6189,0.0875607281923294,0.96875,,,,,,,,,,,,,,,,,
91,6199,0.1651795208454132,0.9375,,,,,,,,,,,,,,,,,
91,6209,0.16871914267539978,0.953125,,,,,,,,,,,,,,,,,
91,6219,0.1302221715450287,0.953125,,,,,,,,,,,,,,,,,
91,6229,0.1258634775876999,0.953125,,,,,,,,,,,,,,,,,
91,6239,0.10163909941911697,0.984375,,,,,,,,,,,,,,,,,
91,6249,0.1159835085272789,0.953125,,,,,,,,,,,,,,,,,
91,6255,,,0.9934294766987584,0.9561624971310535,0.9452690166932038,0.9114100185528757,0.9463880054520672,0.9557049870491028,0.9661410018552876,0.9557049870491028,0.13543438911437988,,,,,,,,
92,6259,0.16682863235473633,0.9375,,,,,,,,,,,,,,,,,
92,6269,0.16115282475948334,0.953125,,,,,,,,,,,,,,,,,
92,6279,0.15635783970355988,0.921875,,,,,,,,,,,,,,,,,
92,6289,0.10943826287984848,1.0,,,,,,,,,,,,,,,,,
92,6299,0.12400499731302261,0.984375,,,,,,,,,,,,,,,,,
92,6309,0.15820136666297913,0.9375,,,,,,,,,,,,,,,,,
92,6319,0.10139603167772293,0.984375,,,,,,,,,,,,,,,,,
92,6323,,,0.9932089676821985,0.957237594328836,0.9424860853388568,0.9132653061224489,0.9440685611186288,0.956632673740387,0.9707792207792207,0.956632673740387,0.134172722697258,,,,,,,,
93,6329,0.1807951033115387,0.90625,,,,,,,,,,,,,,,,,
93,6339,0.21009112894535065,0.953125,,,,,,,,,,,,,,,,,
93,6349,0.1398812234401703,0.96875,,,,,,,,,,,,,,,,,
93,6359,0.10251010209321976,1.0,,,,,,,,,,,,,,,,,
93,6369,0.1633022427558899,0.9375,,,,,,,,,,,,,,,,,
93,6379,0.11309010535478592,0.96875,,,,,,,,,,,,,,,,,
93,6389,0.12928371131420135,0.96875,,,,,,,,,,,,,,,,,
93,6391,,,0.9931693836245916,0.9570187471422039,0.9420222634464657,0.9128014842300557,0.9436429215509468,0.9564007520675659,0.9707792207792207,0.9564007520675659,0.13461564481258392,,,,,,,,
94,6399,0.14683112502098083,0.953125,,,,,,,,,,,,,,,,,
94,6409,0.14135737717151642,0.9375,,,,,,,,,,,,,,,,,
94,6419,0.10219930112361908,0.984375,,,,,,,,,,,,,,,,,
94,6429,0.12238895893096924,0.96875,,,,,,,,,,,,,,,,,
94,6439,0.12989722192287445,0.96875,,,,,,,,,,,,,,,,,
94,6449,0.16898608207702637,0.953125,,,,,,,,,,,,,,,,,
94,6459,0.08176655322313309,1.0,,,,,,,,,,,,,,,,,
94,6459,,,0.994117895091921,0.9566620562471185,0.9503710575095067,0.9128014842300557,0.9509624197983502,0.9564007520675659,0.962430426716141,0.9564007520675659,0.1310020238161087,,,,,,,,
95,6469,0.15005095303058624,0.953125,,,,,,,,,,,,,,,,,
95,6479,0.13427819311618805,0.953125,,,,,,,,,,,,,,,,,
95,6489,0.1472683697938919,0.9375,,,,,,,,,,,,,,,,,
95,6499,0.16123537719249725,0.953125,,,,,,,,,,,,,,,,,
95,6509,0.09662910550832748,1.0,,,,,,,,,,,,,,,,,
95,6519,0.15464770793914795,0.953125,,,,,,,,,,,,,,,,,
95,6527,,,0.9932487668705533,0.9594501718213059,0.9466604823703774,0.9179035250463822,0.9479402444545043,0.9589517712593079,0.9712430426716141,0.9589517712593079,0.13482774794101715,,,,,,,,
96,6529,0.08377671986818314,0.984375,,,,,,,,,,,,,,,,,
96,6539,0.17284560203552246,0.921875,,,,,,,,,,,,,,,,,
96,6549,0.16043497622013092,0.953125,,,,,,,,,,,,,,,,,
96,6559,0.11168380081653595,0.96875,,,,,,,,,,,,,,,,,
96,6569,0.13568684458732605,0.96875,,,,,,,,,,,,,,,,,
96,6579,0.10092822462320328,0.984375,,,,,,,,,,,,,,,,,
96,6589,0.10479111969470978,0.953125,,,,,,,,,,,,,,,,,
96,6595,,,0.9937235604310874,0.9626575028636885,0.9499072356171155,0.9243970315398887,0.9511090991398823,0.9621984958648682,0.9744897959183674,0.9621984958648682,0.13101381063461304,,,,,,,,
97,6599,0.21902063488960266,0.90625,,,,,,,,,,,,,,,,,
97,6609,0.1768982857465744,0.9375,,,,,,,,,,,,,,,,,
97,6619,0.17396226525306702,0.921875,,,,,,,,,,,,,,,,,
97,6629,0.11336521804332733,1.0,,,,,,,,,,,,,,,,,
97,6639,0.12933064997196198,0.984375,,,,,,,,,,,,,,,,,
97,6649,0.13719502091407776,0.953125,,,,,,,,,,,,,,,,,
97,6659,0.12892456352710724,0.9375,,,,,,,,,,,,,,,,,
97,6663,,,0.9942297630808099,0.9595959595959596,0.9489795918323332,0.9183673469387755,0.95,0.9591836929321289,0.9693877551020408,0.9591836929321289,0.12949702143669128,,,,,,,,
98,6669,0.19426780939102173,0.90625,,,,,,,,,,,,,,,,,
98,6679,0.20294785499572754,0.9375,,,,,,,,,,,,,,,,,
98,6689,0.13845513761043549,0.96875,,,,,,,,,,,,,,,,,
98,6699,0.09921985864639282,0.96875,,,,,,,,,,,,,,,,,
98,6709,0.19056615233421326,0.90625,,,,,,,,,,,,,,,,,
98,6719,0.13728703558444977,0.921875,,,,,,,,,,,,,,,,,
98,6729,0.11668427288532257,0.96875,,,,,,,,,,,,,,,,,
98,6731,,,0.9939003979058313,0.956979405034325,0.9429499072312479,0.9128014842300557,0.9444444444444444,0.9564007520675659,0.9698515769944341,0.9564007520675659,0.1315489411354065,,,,,,,,
99,6739,0.18519751727581024,0.9375,,,,,,,,,,,,,,,,,
99,6749,0.12988270819187164,0.953125,,,,,,,,,,,,,,,,,
99,6759,0.09553740173578262,0.96875,,,,,,,,,,,,,,,,,
99,6769,0.13625958561897278,0.953125,,,,,,,,,,,,,,,,,
99,6779,0.12755604088306427,0.96875,,,,,,,,,,,,,,,,,
99,6789,0.18490083515644073,0.9375,,,,,,,,,,,,,,,,,
99,6799,0.0993284285068512,1.0,,,,,,,,,,,,,,,,,
99,6799,,,0.9937069953635022,0.9592304168575355,0.9461966604779861,0.9174397031539889,0.9475113122171945,0.9587198495864868,0.9712430426716141,0.9587198495864868,0.13269086182117462,,,,,,,,
100,6800,,,,,,,,,,,,0.892393320948193,0.8330241187384044,0.9165120720863342,0.8973451327433628,0.23865215480327606,0.9184782608695652,0.9615311801900723,0.9406307977736549
